USE LIVRARIA;

# INSERINDO VENDEDORES

INSERT INTO VENDEDOR (cpf, salario_base, ramal, nome, idade, dt_nasc, cnpj_bookstore, cpf_gerente)
VALUES
  ('11122233344', 5000.00, 101, 'Ana Silva', 30, '1992-01-01', '12345678901234', '98765432101'),
  ('22233344455', 4800.00, 102, 'Carlos Oliveira', 28, '1994-03-15', '12345678901234', '98765432102'),
  ('33344455566', 5200.00, 103, 'Mariana Santos', 32, '1990-07-20', '23456789012345', '87654321001'),
  ('44455566677', 4900.00, 104, 'Rafael Pereira', 27, '1995-12-05', '34567890123456', '87654321002'),
  ('55566677788', 5100.00, 105, 'Beatriz Oliveira', 31, '1989-05-10', '23456789012345', '76543210901'),
  ('66677788899', 5300.00, 106, 'Lucas Rodrigues', 29, '1993-09-25', '34567890123456', '76543210902'),
  ('77788899900', 4800.00, 107, 'Juliana Lima', 33, '1988-11-30', '12345678901234', '65432109801'),
  ('88899900011', 5100.00, 108, 'Fernando Silva', 26, '1996-06-15', '23456789012345', '65432109802'),
  ('99900011122', 5000.00, 109, 'Gabriel Costa', 34, '1991-04-18', '34567890123456', '54321098701'),
  ('11122233344', 5200.00, 110, 'Larissa Souza', 30, '1992-01-01', '12345678901234', '54321098702'),
  ('22233344455', 4900.00, 111, 'Mateus Oliveira', 28, '1994-03-15', '12345678901234', '43210987601'),
  ('33344455566', 5100.00, 112, 'Isabela Santos', 32, '1990-07-20', '23456789012345', '43210987602'),
  ('44455566677', 5300.00, 113, 'Diego Pereira', 27, '1995-12-05', '34567890123456', '32109876501'),
  ('55566677788', 4800.00, 114, 'Luana Oliveira', 31, '1989-05-10', '23456789012345', '32109876502'),
  ('66677788899', 5000.00, 115, 'Vinicius Rodrigues', 29, '1993-09-25', '34567890123456', '21098765401'),
  ('77788899900', 5200.00, 116, 'Carolina Lima', 33, '1988-11-30', '12345678901234', '21098765402'),
  ('88899900011', 4900.00, 117, 'Pedro Silva', 26, '1996-06-15', '23456789012345', '10987654301'),
  ('99900011122', 5100.00, 118, 'Camila Oliveira', 34, '1991-04-18', '34567890123456', '10987654302'),
  ('11122233344', 5300.00, 119, 'Ricardo Costa', 30, '1992-01-01', '12345678901234', '09876543201'),
  ('22233344455', 4800.00, 120, 'Eduarda Souza', 28, '1994-03-15', '12345678901234', '09876543202');


# INSERINDO CAIXAS

INSERT INTO CAIXA (cpf, salario_base, ramal, nome, idade, dt_nasc, cnpj_bookstore, cpf_gerente, dt_inicio, dt_fim, cod_pdv)
VALUES
  ('11122233344', 5500.00, 201, 'Roberto Santos', 32, '1990-07-20', '23456789012345', '87654321001', '2022-01-01', '2022-12-31', 1),
  ('22233344455', 5300.00, 202, 'Amanda Silva', 28, '1994-03-15', '34567890123456', '87654321002', '2022-01-01', '2022-12-31', 2),
  ('33344455566', 5600.00, 203, 'João Oliveira', 35, '1987-02-15', '12345678901234', '98765432101', '2022-01-01', '2022-12-31', 3),
  ('44455566677', 5400.00, 204, 'Carla Lima', 29, '1993-09-25', '34567890123456', '76543210902', '2022-01-01', '2022-12-31', 1),
  ('55566677788', 5700.00, 205, 'Pedro Rodrigues', 31, '1989-05-10', '23456789012345', '76543210901', '2022-01-01', '2022-12-31', 2),
  ('66677788899', 5200.00, 206, 'Beatriz Costa', 27, '1995-12-05', '34567890123456', '65432109801', '2022-01-01', '2022-12-31', 3),
  ('77788899900', 5500.00, 207, 'Lucas Oliveira', 33, '1988-11-30', '12345678901234', '65432109802', '2022-01-01', '2022-12-31', 1),
  ('88899900011', 5700.00, 208, 'Mariana Souza', 26, '1996-06-15', '23456789012345', '54321098701', '2022-01-01', '2022-12-31', 2),
  ('99900011122', 5400.00, 209, 'Rafaela Oliveira', 34, '1991-04-18', '34567890123456', '54321098702', '2022-01-01', '2022-12-31', 3),
  ('11122233344', 5600.00, 210, 'Fernando Silva', 30, '1992-01-01', '12345678901234', '43210987601', '2022-01-01', '2022-12-31', 1),
  ('22233344455', 5200.00, 211, 'Gabriel Costa', 28, '1994-03-15', '12345678901234', '43210987602', '2022-01-01', '2022-12-31', 2),
  ('33344455566', 5500.00, 212, 'Larissa Rodrigues', 32, '1990-07-20', '23456789012345', '32109876501', '2022-01-01', '2022-12-31', 3),
  ('44455566677', 5300.00, 213, 'Diego Pereira', 27, '1995-12-05', '34567890123456', '32109876502', '2022-01-01', '2022-12-31', 1),
  ('55566677788', 5600.00, 214, 'Luana Oliveira', 31, '1989-05-10', '23456789012345', '21098765401', '2022-01-01', '2022-12-31', 2),
  ('66677788899', 5200.00, 215, 'Vinicius Lima', 29, '1993-09-25', '34567890123456', '21098765402', '2022-01-01', '2022-12-31', 3),
  ('77788899900', 5400.00, 216, 'Carolina Santos', 33, '1988-11-30', '12345678901234', '10987654301', '2022-01-01', '2022-12-31', 1),
  ('88899900011', 5700.00, 217, 'Pedro Oliveira', 26, '1996-06-15', '23456789012345', '10987654302', '2022-01-01', '2022-12-31', 2),
  ('99900011122', 5200.00, 218, 'Camila Costa', 34, '1991-04-18', '34567890123456', '09876543201', '2022-01-01', '2022-12-31', 3),
  ('11122233344', 5400.00, 219, 'Ricardo Silva', 30, '1992-01-01', '12345678901234', '09876543202', '2022-01-01', '2022-12-31', 1),
  ('22233344455', 5600.00, 220, 'Eduarda Lima', 28, '1994-03-15', '12345678901234', '87654321001', '2022-01-01', '2022-12-31', 2);

# INSERINDO GERENTES

INSERT INTO GERENTE (cpf, salario_base, ramal, nome, idade, dt_nasc, cnpj_bookstore, data_inicio, data_fim)
VALUES
  ('11122233344', 7000.00, 301, 'Alexandre Silva', 40, '1982-05-15', '23456789012345', '2021-01-01', '2022-12-31'),
  ('22233344455', 7200.00, 302, 'Isabel Oliveira', 38, '1984-09-20', '34567890123456', '2021-01-01', '2022-12-31'),
  ('33344455566', 6800.00, 303, 'Roberto Lima', 45, '1977-03-10', '12345678901234', '2021-01-01', '2022-12-31'),
  ('44455566677', 7100.00, 304, 'Mariana Costa', 39, '1983-07-05', '34567890123456', '2021-01-01', '2022-12-31'),
  ('55566677788', 7300.00, 305, 'Lucas Rodrigues', 41, '1981-01-30', '23456789012345', '2021-01-01', '2022-12-31'),
  ('66677788899', 6800.00, 306, 'Ana Oliveira', 37, '1985-06-25', '34567890123456', '2021-01-01', '2022-12-31'),
  ('77788899900', 7000.00, 307, 'Rafael Silva', 43, '1978-08-20', '12345678901234', '2021-01-01', '2022-12-31'),
  ('88899900011', 7300.00, 308, 'Carla Lima', 36, '1986-12-15', '23456789012345', '2021-01-01', '2022-12-31'),
  ('99900011122', 7100.00, 309, 'Gabriel Costa', 44, '1979-04-18', '34567890123456', '2021-01-01', '2022-12-31'),
  ('11122233344', 7200.00, 310, 'Larissa Souza', 40, '1982-05-15', '12345678901234', '2021-01-01', '2022-12-31'),
  ('22233344455', 6900.00, 311, 'Diego Pereira', 38, '1984-09-20', '12345678901234', '2021-01-01', '2022-12-31'),
  ('33344455566', 7100.00, 312, 'Isabela Santos', 42, '1980-03-10', '23456789012345', '2021-01-01', '2022-12-31'),
  ('44455566677', 7300.00, 313, 'Fernando Silva', 37, '1985-06-25', '34567890123456', '2021-01-01', '2022-12-31'),
  ('55566677788', 6800.00, 314, 'Luana Oliveira', 41, '1981-01-30', '23456789012345', '2021-01-01', '2022-12-31'),
  ('66677788899', 7000.00, 315, 'Vinicius Rodrigues', 39, '1983-07-05', '34567890123456', '2021-01-01', '2022-12-31'),
  ('77788899900', 7200.00, 316, 'Carolina Lima', 43, '1978-08-20', '12345678901234', '2021-01-01', '2022-12-31'),
  ('88899900011', 6900.00, 317, 'Pedro Silva', 36, '1986-12-15', '23456789012345', '2021-01-01', '2022-12-31'),
  ('99900011122', 7100.00, 318, 'Camila Oliveira', 44, '1979-04-18', '34567890123456', '2021-01-01', '2022-12-31'),
  ('11122233344', 7300.00, 319, 'Ricardo Costa', 40, '1982-05-15', '12345678901234', '2021-01-01', '2022-12-31'),
  ('22233344455', 7000.00, 320, 'Eduarda Souza', 38, '1984-09-20', '12345678901234', '87654321001', '2021-01-01', '2022-12-31');

# INSERINDO AUTORES

INSERT INTO AUTOR (cpf, nome, idade, dt_nasc, flag_best_seller, cod_livro)
VALUES
  ('11122233344', 'Carlos Silva', 45, '1977-03-10', TRUE, 1),
  ('22233344455', 'Mariana Oliveira', 38, '1984-09-20', FALSE, 2),
  ('33344455566', 'Roberto Lima', 52, '1969-06-15', TRUE, 3),
  ('44455566677', 'Isabela Costa', 41, '1981-01-30', FALSE, 4),
  ('55566677788', 'Lucas Rodrigues', 49, '1973-08-25', TRUE, 5),
  ('66677788899', 'Ana Oliveira', 35, '1987-12-10', FALSE, 6),
  ('77788899900', 'Rafael Silva', 42, '1980-04-25', TRUE, 7),
  ('88899900011', 'Carla Lima', 37, '1985-07-01', FALSE, 8),
  ('99900011122', 'Gabriel Costa', 50, '1972-02-18', TRUE, 9),
  ('11122233344', 'Larissa Souza', 46, '1976-05-15', FALSE, 10),
  ('22233344455', 'Diego Pereira', 39, '1983-10-20', TRUE, 11),
  ('33344455566', 'Isabela Santos', 47, '1975-03-05', FALSE, 12),
  ('44455566677', 'Fernando Silva', 40, '1982-06-30', TRUE, 13),
  ('55566677788', 'Luana Oliveira', 48, '1974-11-15', FALSE, 14),
  ('66677788899', 'Vinicius Rodrigues', 36, '1986-04-01', TRUE, 15),
  ('77788899900', 'Carolina Lima', 43, '1979-09-16', FALSE, 16),
  ('88899900011', 'Pedro Silva', 38, '1984-12-01', TRUE, 17),
  ('99900011122', 'Camila Oliveira', 51, '1971-05-18', FALSE, 18),
  ('11122233344', 'Ricardo Costa', 44, '1978-10-23', TRUE, 19),
  ('22233344455', 'Eduarda Souza', 37, '1985-01-08', FALSE, 20);

# INSERINDO CLIENTES

INSERT INTO CLIENTE (cpf, nome, idade, dt_nasc, flag_professor, status, dt_fim_adesao, dt_inic_adesao, cnpj_bookstore, cod_plan_fid, pontos_fidelidade)
VALUES
  ('11122233344', 'Ana Silva', 28, '1994-03-10', TRUE, 'Ativo', NULL, '2022-01-01', '23456789012345', 1, 150),
  ('22233344455', 'Carlos Oliveira', 35, '1987-02-15', FALSE, 'Inativo', '2022-06-30', '2022-01-01', '34567890123456', 2, 100),
  ('33344455566', 'Mariana Lima', 42, '1980-04-25', TRUE, 'Ativo', NULL, '2022-01-01', '12345678901234', 3, 200),
  ('44455566677', 'Rafael Costa', 31, '1991-05-30', FALSE, 'Inativo', '2022-12-31', '2022-01-01', '34567890123456', 1, 75),
  ('55566677788', 'Larissa Rodrigues', 40, '1982-06-30', TRUE, 'Ativo', NULL, '2022-01-01', '23456789012345', 2, 180),
  ('66677788899', 'Diego Pereira', 29, '1993-07-15', FALSE, 'Inativo', '2022-09-30', '2022-01-01', '34567890123456', 3, 120),
  ('77788899900', 'Isabela Santos', 38, '1984-09-20', TRUE, 'Ativo', NULL, '2022-01-01', '12345678901234', 1, 220),
  ('88899900011', 'Fernando Silva', 27, '1995-10-25', FALSE, 'Inativo', '2022-03-31', '2022-01-01', '23456789012345', 2, 90),
  ('99900011122', 'Carla Lima', 34, '1987-12-10', TRUE, 'Ativo', NULL, '2022-01-01', '34567890123456', 3, 160),
  ('11122233344', 'Lucas Rodrigues', 32, '1989-01-15', FALSE, 'Inativo', '2022-12-31', '2022-01-01', '12345678901234', 1, 110),
  ('22233344455', 'Isabela Costa', 41, '1980-03-05', TRUE, 'Ativo', NULL, '2022-01-01', '23456789012345', 2, 200),
  ('33344455566', 'Gabriel Costa', 30, '1992-04-10', FALSE, 'Inativo', '2022-06-30', '2022-01-01', '34567890123456', 3, 130),
  ('44455566677', 'Ana Oliveira', 39, '1983-05-15', TRUE, 'Ativo', NULL, '2022-01-01', '12345678901234', 1, 190),
  ('55566677788', 'Rafael Silva', 28, '1994-06-20', FALSE, 'Inativo', '2022-09-30', '2022-01-01', '23456789012345', 2, 80),
  ('66677788899', 'Larissa Souza', 37, '1985-08-25', TRUE, 'Ativo', NULL, '2022-01-01', '34567890123456', 3, 140),
  ('77788899900', 'Diego Pereira', 26, '1996-09-30', FALSE, 'Inativo', '2022-03-31', '2022-01-01', '12345678901234', 1, 100),
  ('88899900011', 'Isabela Santos', 33, '1988-11-05', TRUE, 'Ativo', NULL, '2022-01-01', '23456789012345', 2, 210),
  ('99900011122', 'Fernando Silva', 42, '1980-12-10', FALSE, 'Inativo', '2022-06-30', '2022-01-01', '34567890123456', 3, 150),
  ('11122233344', 'Carla Lima', 31, '1990-01-15', TRUE, 'Ativo', NULL, '2022-01-01', '12345678901234', 1, 170),
  ('22233344455', 'Lucas Rodrigues', 40, '1982-02-20', FALSE, 'Inativo', '2022-09-30', '2022-01-01', '23456789012345', 2, 120);

# INSERINDO BOOKSTORES

INSERT INTO BOOKSTORE (cnpj, razao_social, nome_fantasia, qtd_funcionarios, cod_estoque, endereco)
VALUES
  ('12345678901234', 'Livraria Silva LTDA', 'Silva Livros', 50, 1, 'Rua Comercial, 123 - Centro'),
  ('23456789012345', 'Oliveira & Lima Livraria', 'O&L Livros', 45, 2, 'Avenida das Letras, 567 - Bairro Novo'),
  ('34567890123456', 'Costa & Filhos Livraria', 'CF Livros', 60, 3, 'Travessa dos Estudantes, 789 - Liberdade'),
  ('45678901234567', 'Livraria Lima', 'Lima Livros', 55, 4, 'Rua do Saber, 234 - Educacional'),
  ('56789012345678', 'Rodrigues & Oliveira Livraria', 'ROL Livros', 48, 5, 'Avenida do Conhecimento, 890 - Leitura'),
  ('67890123456789', 'Silva & Santos Livraria', 'S&S Livros', 53, 6, 'Praça Literária, 345 - Cultural'),
  ('78901234567890', 'Livraria Costa', 'Costa Livros', 58, 7, 'Alameda das Páginas, 456 - Moderna'),
  ('89012345678901', 'Oliveira Livraria', 'OL Livros', 52, 8, 'Avenida dos Leitores, 567 - Futura'),
  ('90123456789012', 'Santos & Lima Livraria', 'S&L Livros', 47, 9, 'Travessa do Saber, 678 - Educação'),
  ('01234567890123', 'Livraria Moderna', 'Moderna Livros', 42, 10, 'Rua do Conhecimento, 789 - Contemporâneo'),
  ('12345678901234', 'Páginas Culturais Livraria', 'PC Livros', 56, 11, 'Avenida Literária, 890 - Clássicos'),
  ('23456789012345', 'Santos Livraria', 'Santos Livros', 51, 12, 'Praça das Letras, 123 - Antigo'),
  ('34567890123456', 'Livraria do Saber', 'Saber Livros', 46, 13, 'Rua dos Estudantes, 234 - Educativo'),
  ('45678901234567', 'Conhecimento Livraria', 'Conhecimento Livros', 49, 14, 'Avenida do Livro, 345 - Didático'),
  ('56789012345678', 'Livraria Futura', 'Futura Livros', 54, 15, 'Alameda Educacional, 456 - Futurista'),
  ('67890123456789', 'Livraria Cultural', 'Cultural Livros', 59, 16, 'Travessa Literária, 567 - Atual'),
  ('78901234567890', 'Santos Modernos Livraria', 'SM Livros', 44, 17, 'Praça dos Livros, 678 - Modernidade'),
  ('89012345678901', 'Livraria Contemporânea', 'Contemporânea Livros', 57, 18, 'Rua da Cultura, 789 - Presente'),
  ('90123456789012', 'Praça dos Clássicos Livraria', 'PC Livros', 50, 19, 'Avenida Literária, 890 - Histórico'),
  ('01234567890123', 'Livraria Antiga', 'Antiga Livros', 55, 20, 'Travessa dos Livros, 123 - Passado');
  
  # INSERINDO PAGAMENTOS
  
  INSERT INTO PAGAMENTO (cod_pag, vl_pago, tipo_pagamento, bandeira)
VALUES
  (1, 50.00, 'Cartão de Crédito', 'Visa'),
  (2, 30.50, 'Boleto Bancário', 'N/A'),
  (3, 25.00, 'Cartão de Débito', 'MasterCard'),
  (4, 100.00, 'Transferência Bancária', 'N/A'),
  (5, 75.20, 'Pix', 'N/A'),
  (6, 42.80, 'Cartão de Crédito', 'American Express'),
  (7, 90.50, 'Boleto Bancário', 'N/A'),
  (8, 60.00, 'Cartão de Débito', 'Visa'),
  (9, 15.75, 'Transferência Bancária', 'N/A'),
  (10, 88.90, 'Pix', 'N/A'),
  (11, 120.00, 'Cartão de Crédito', 'MasterCard'),
  (12, 40.30, 'Boleto Bancário', 'N/A'),
  (13, 70.25, 'Cartão de Débito', 'Visa'),
  (14, 95.50, 'Transferência Bancária', 'N/A'),
  (15, 55.80, 'Pix', 'N/A'),
  (16, 33.75, 'Cartão de Crédito', 'American Express'),
  (17, 78.20, 'Boleto Bancário', 'N/A'),
  (18, 20.00, 'Cartão de Débito', 'MasterCard'),
  (19, 45.90, 'Transferência Bancária', 'N/A'),
  (20, 65.40, 'Pix', 'N/A');

# INSERINDO LIVRO_REFS

INSERT INTO LIVRO_REF (cod_barra, preco_fornec, preco, titulo, tipo_livro, ISBN, num_edicao, cnpj_fornecedor)
VALUES
  ('1234567890123', 20.00, 40.00, 'Aventuras na Floresta', 'Aventura', '978-1-2345-6789-0', 1, '12345678901234'),
  ('2345678901234', 15.50, 30.00, 'O Mistério do Castelo', 'Mistério', '978-2-3456-7890-1', 2, '23456789012345'),
  ('3456789012345', 25.00, 50.00, 'A Viagem no Tempo', 'Ficção Científica', '978-3-4567-8901-2', 1, '34567890123456'),
  ('4567890123456', 18.75, 37.50, 'Romance à Beira-Mar', 'Romance', '978-4-5678-9012-3', 3, '45678901234567'),
  ('5678901234567', 22.80, 45.60, 'O Despertar da Magia', 'Fantasia', '978-5-6789-0123-4', 1, '56789012345678'),
  ('6789012345678', 32.40, 64.80, 'Investigação Criminal', 'Crime', '978-6-7890-1234-5', 2, '67890123456789'),
  ('7890123456789', 27.50, 55.00, 'O Segredo das Estrelas', 'Ficção Científica', '978-7-8901-2345-6', 1, '78901234567890'),
  ('8901234567890', 19.20, 38.40, 'Amor Proibido', 'Romance', '978-8-9012-3456-7', 4, '89012345678901'),
  ('9012345678901', 23.75, 47.50, 'A Jornada do Herói', 'Aventura', '978-9-0123-4567-8', 1, '90123456789012'),
  ('0123456789012', 28.90, 57.80, 'Enigmas do Passado', 'Mistério', '978-0-1234-5678-9', 2, '01234567890123'),
  ('1234567890123', 35.00, 70.00, 'No Limiar da Eternidade', 'Fantasia', '978-1-2345-6789-0', 1, '12345678901234'),
  ('2345678901234', 26.50, 53.00, 'Destinos Cruzados', 'Romance', '978-2-3456-7890-1', 3, '23456789012345'),
  ('3456789012345', 38.00, 76.00, 'A Máquina do Tempo', 'Ficção Científica', '978-3-4567-8901-2', 1, '34567890123456'),
  ('4567890123456', 29.75, 59.50, 'O Último Suspiro', 'Mistério', '978-4-5678-9012-3', 4, '45678901234567'),
  ('5678901234567', 33.80, 67.60, 'A Magia das Palavras', 'Fantasia', '978-5-6789-0123-4', 2, '56789012345678'),
  ('6789012345678', 42.40, 84.80, 'Caminhos Interligados', 'Ficção Científica', '978-6-7890-1234-5', 1, '67890123456789'),
  ('7890123456789', 37.50, 75.00, 'Intrigas e Conspirações', 'Crime', '978-7-8901-2345-6', 3, '78901234567890'),
  ('8901234567890', 29.20, 58.40, 'Paixão e Desventura', 'Romance', '978-8-9012-3456-7', 2, '89012345678901'),
  ('9012345678901', 35.75, 71.50, 'O Destino dos Heróis', 'Aventura', '978-9-0123-4567-8', 1, '90123456789012'),
  ('0123456789012', 40.90, 81.80, 'Enigmas Desvendados', 'Mistério', '978-0-1234-5678-9', 3, '01234567890123');
  
  # INSERINDO ESTOQUE
  
  INSERT INTO ESTOQUE (id, descricao, data_ult_compra, cnpj_bookstore)
VALUES
  (1, 'Estoque Principal', '2023-01-15', '12345678901234'),
  (2, 'Estoque Secundário', '2023-02-20', '23456789012345'),
  (3, 'Estoque de Lançamentos', '2023-03-10', '34567890123456'),
  (4, 'Estoque de Clássicos', '2023-04-05', '45678901234567'),
  (5, 'Estoque de Ficção Científica', '2023-05-12', '56789012345678'),
  (6, 'Estoque de Romance', '2023-06-18', '67890123456789'),
  (7, 'Estoque de Mistério', '2023-07-25', '78901234567890'),
  (8, 'Estoque de Fantasia', '2023-08-30', '89012345678901'),
  (9, 'Estoque de Aventura', '2023-09-14', '90123456789012'),
  (10, 'Estoque de História', '2023-10-22', '01234567890123'),
  (11, 'Estoque de Literatura Nacional', '2023-11-02', '12345678901234'),
  (12, 'Estoque de Literatura Estrangeira', '2023-12-08', '23456789012345'),
  (13, 'Estoque de Poesia', '2024-01-11', '34567890123456'),
  (14, 'Estoque de Biografias', '2024-02-19', '45678901234567'),
  (15, 'Estoque de Ensaios', '2024-03-25', '56789012345678'),
  (16, 'Estoque de Autoajuda', '2024-04-30', '67890123456789'),
  (17, 'Estoque de Ciências', '2024-05-05', '78901234567890'),
  (18, 'Estoque de Filosofia', '2024-06-10', '89012345678901'),
  (19, 'Estoque de História em Quadrinhos', '2024-07-15', '90123456789012'),
  (20, 'Estoque de Culinária', '2024-08-20', '01234567890123');

# INSERINDO ESTANTES 

INSERT INTO ESTANTE (serial, descricao)
VALUES
  ('A1', 'Estante Principal'),
  ('B2', 'Estante de Lançamentos'),
  ('C3', 'Estante de Clássicos'),
  ('D4', 'Estante de Ficção Científica'),
  ('E5', 'Estante de Romance'),
  ('F6', 'Estante de Mistério'),
  ('G7', 'Estante de Fantasia'),
  ('H8', 'Estante de Aventura'),
  ('I9', 'Estante de História'),
  ('J10', 'Estante de Literatura Nacional'),
  ('K11', 'Estante de Literatura Estrangeira'),
  ('L12', 'Estante de Poesia'),
  ('M13', 'Estante de Biografias'),
  ('N14', 'Estante de Ensaios'),
  ('O15', 'Estante de Autoajuda'),
  ('P16', 'Estante de Ciências'),
  ('Q17', 'Estante de Filosofia'),
  ('R18', 'Estante de História em Quadrinhos'),
  ('S19', 'Estante de Culinária'),
  ('T20', 'Estante de Artes');

# INSERINDO PRATELEIRAS

INSERT INTO PRATELEIRA (serial, num_nivel, serial_estante)
VALUES
  ('P1', 3, 'A1'),
  ('P2', 4, 'B2'),
  ('P3', 2, 'C3'),
  ('P4', 5, 'D4'),
  ('P5', 3, 'E5'),
  ('P6', 4, 'F6'),
  ('P7', 2, 'G7'),
  ('P8', 5, 'H8'),
  ('P9', 3, 'I9'),
  ('P10', 4, 'J10'),
  ('P11', 2, 'K11'),
  ('P12', 5, 'L12'),
  ('P13', 3, 'M13'),
  ('P14', 4, 'N14'),
  ('P15', 2, 'O15'),
  ('P16', 5, 'P16'),
  ('P17', 3, 'Q17'),
  ('P18', 4, 'R18'),
  ('P19', 2, 'S19'),
  ('P20', 5, 'T20');

# INSERINDO FORNECEDORES

INSERT INTO FORNECEDOR (cnpj, nome_fantasia, dt_inicio, dt_fim)
VALUES
  ('12345678901234', 'Fornecedor A Ltda.', '2022-01-01', NULL),
  ('23456789012345', 'Fornecedores & Cia.', '2022-02-15', NULL),
  ('34567890123456', 'Mega Suprimentos', '2022-03-20', '2023-05-01'),
  ('45678901234567', 'Super Fornecedora', '2022-04-10', NULL),
  ('56789012345678', 'Fornecedor de Qualidade', '2022-05-05', NULL),
  ('67890123456789', 'Excelente Suprimentos', '2022-06-18', '2023-08-30'),
  ('78901234567890', 'Fornecedor Global', '2022-07-25', NULL),
  ('89012345678901', 'Suprimentos Premium', '2022-08-30', NULL),
  ('90123456789012', 'Fornecedora TOP', '2022-09-14', '2023-12-08'),
  ('01234567890123', 'Mundo dos Suprimentos', '2022-10-22', NULL),
  ('12345678901234', 'Fornecedora Única', '2022-11-02', NULL),
  ('23456789012345', 'Fornecimento Total', '2022-12-08', '2024-02-19'),
  ('34567890123456', 'Fornecedora Master', '2023-01-11', NULL),
  ('45678901234567', 'Excelência em Suprimentos', '2023-02-19', '2024-03-25'),
  ('56789012345678', 'Suprimentos de Elite', '2023-03-25', NULL),
  ('67890123456789', 'MegaFornec', '2023-04-30', NULL),
  ('78901234567890', 'Fornecedor Único', '2023-05-05', '2024-06-10'),
  ('89012345678901', 'Mundo dos Suprimentos Global', '2023-06-10', NULL),
  ('90123456789012', 'Suprimentos Essenciais', '2023-07-15', NULL),
  ('01234567890123', 'Fornecedora Master', '2023-08-20', NULL);

# INSERINDO GENEROS

INSERT INTO GENERO (cod, descricao)
VALUES
  (1, 'Ficção Científica'),
  (2, 'Romance'),
  (3, 'Mistério'),
  (4, 'Fantasia'),
  (5, 'Aventura'),
  (6, 'História'),
  (7, 'Literatura Nacional'),
  (8, 'Literatura Estrangeira'),
  (9, 'Poesia'),
  (10, 'Biografia'),
  (11, 'Ensaios'),
  (12, 'Autoajuda'),
  (13, 'Ciências'),
  (14, 'Filosofia'),
  (15, 'História em Quadrinhos'),
  (16, 'Culinária'),
  (17, 'Artes'),
  (18, 'Religião'),
  (19, 'Tecnologia'),
  (20, 'Psicologia');

# INSERINDO COMISSOES 

INSERT INTO COMISSAO (id, tipo, dt_inicio, dt_fim, percentual)
VALUES
  (1, 'Venda', '2022-01-01', NULL, 5.00),
  (2, 'Promoção', '2022-02-15', '2023-05-01', 8.50),
  (3, 'Desconto Especial', '2022-03-20', NULL, 3.75),
  (4, 'Aniversário da Livraria', '2022-04-10', '2022-05-05', 10.00),
  (5, 'Fidelidade', '2022-05-05', NULL, 6.25),
  (6, 'Lançamento', '2022-06-18', '2023-08-30', 12.00),
  (7, 'Black Friday', '2022-07-25', NULL, 15.00),
  (8, 'Natal', '2022-08-30', NULL, 7.50),
  (9, 'Dia do Livro', '2022-09-14', '2023-12-08', 9.25),
  (10, 'Promoção de Inverno', '2022-10-22', NULL, 4.80),
  (11, 'Promoção de Verão', '2022-11-02', NULL, 6.75),
  (12, 'Dia das Mães', '2022-12-08', '2024-02-19', 11.20),
  (13, 'Dia dos Pais', '2023-01-11', NULL, 8.75),
  (14, 'Dia do Cliente', '2023-02-19', '2024-03-25', 5.90),
  (15, 'Dia do Professor', '2023-03-25', NULL, 7.25),
  (16, 'Desconto Progressivo', '2023-04-30', NULL, 9.50),
  (17, 'Dia da Criança', '2023-05-05', '2024-06-10', 13.00),
  (18, 'Promoção de Páscoa', '2023-06-10', NULL, 6.75),
  (19, 'Desconto de Aniversário', '2023-07-15', NULL, 10.25),
  (20, 'Final de Semana Especial', '2023-08-20', NULL, 7.80);

# INSERINDO NOTA_FISCAL

INSERT INTO NOTA_FISCAL (codNF, dt_emissao, vl_total, cod_pag)
VALUES
  (1, '2022-01-01', 150.75, 1),
  (2, '2022-02-15', 200.50, 2),
  (3, '2022-03-20', 120.25, 3),
  (4, '2022-04-10', 180.00, 4),
  (5, '2022-05-05', 90.50, 5),
  (6, '2022-06-18', 250.25, 6),
  (7, '2022-07-25', 300.80, 7),
  (8, '2022-08-30', 175.60, 8),
  (9, '2022-09-14', 210.75, 9),
  (10, '2022-10-22', 130.40, 10),
  (11, '2022-11-02', 160.00, 11),
  (12, '2022-12-08', 220.30, 12),
  (13, '2023-01-11', 265.90, 13),
  (14, '2023-02-19', 180.25, 14),
  (15, '2023-03-25', 195.75, 15),
  (16, '2023-04-30', 230.50, 16),
  (17, '2023-05-05', 120.75, 17),
  (18, '2023-06-10', 280.20, 18),
  (19, '2023-07-15', 145.60, 19),
  (20, '2023-08-20', 200.00, 20);

# INSERINDO PLANO_FIDELIDADE

INSERT INTO PLANO_FIDELIDADE (cod, tipo, dt_inicio, dt_fim, descricao)
VALUES
  (1, 'Padrão', '2022-01-01', '2022-12-31', 'Plano Fidelidade Padrão'),
  (2, 'Premium', '2022-02-15', '2023-12-31', 'Plano Fidelidade Premium'),
  (3, 'Gold', '2022-03-20', '2024-12-31', 'Plano Fidelidade Gold'),
  (4, 'Silver', '2022-04-10', '2022-10-31', 'Plano Fidelidade Silver'),
  (5, 'VIP', '2022-05-05', '2023-11-30', 'Plano Fidelidade VIP'),
  (6, 'Executivo', '2022-06-18', '2024-12-31', 'Plano Fidelidade Executivo'),
  (7, 'Básico', '2022-07-25', '2023-12-31', 'Plano Fidelidade Básico'),
  (8, 'Flexível', '2022-08-30', '2022-12-31', 'Plano Fidelidade Flexível'),
  (9, 'Anual', '2022-09-14', '2023-09-14', 'Plano Fidelidade Anual'),
  (10, 'Mensal', '2022-10-22', '2023-10-22', 'Plano Fidelidade Mensal'),
  (11, 'Trimestral', '2022-11-02', '2023-11-02', 'Plano Fidelidade Trimestral'),
  (12, 'Semestral', '2022-12-08', '2023-12-08', 'Plano Fidelidade Semestral'),
  (13, 'Aniversário', '2023-01-11', '2024-01-11', 'Plano Fidelidade Aniversário'),
  (14, 'Especial', '2023-02-19', '2023-08-19', 'Plano Fidelidade Especial'),
  (15, 'Festivo', '2023-03-25', '2023-12-25', 'Plano Fidelidade Festivo'),
  (16, 'Verão', '2023-04-30', '2023-09-30', 'Plano Fidelidade Verão'),
  (17, 'Inverno', '2023-05-05', '2023-12-31', 'Plano Fidelidade Inverno'),
  (18, 'Primavera', '2023-06-10', '2023-11-10', 'Plano Fidelidade Primavera'),
  (19, 'Dia dos Namorados', '2023-07-15', '2023-07-15', 'Plano Fidelidade Dia dos Namorados'),
  (20, 'Natal', '2023-08-20', '2023-12-25', 'Plano Fidelidade Natal');

# INSERINDO PROMOCOES

INSERT INTO PROMOCAO (id, tipo, dt_inicio, dt_fim, percentual, cod_plano_fid)
VALUES
  (1, 'Desconto Especial', '2022-01-01', '2022-02-01', 10.00, 1),
  (2, 'Promoção de Verão', '2022-02-15', '2022-03-15', 15.00, 2),
  (3, 'Black Friday', '2022-03-20', '2022-04-20', 20.00, 3),
  (4, 'Dia do Cliente', '2022-04-10', '2022-05-10', 12.50, 4),
  (5, 'Desconto Progressivo', '2022-05-05', '2022-06-05', 8.75, 5),
  (6, 'Promoção de Inverno', '2022-06-18', '2022-07-18', 18.00, 6),
  (7, 'Dia dos Namorados', '2022-07-25', '2022-08-25', 14.25, 7),
  (8, 'Dia dos Pais', '2022-08-30', '2022-09-30', 12.00, 8),
  (9, 'Promoção de Primavera', '2022-09-14', '2022-10-14', 16.50, 9),
  (10, 'Desconto de Aniversário', '2022-10-22', '2022-11-22', 10.25, 10),
  (11, 'Natal Especial', '2022-11-02', '2022-12-02', 25.00, 11),
  (12, 'Dia do Professor', '2022-12-08', '2023-01-08', 12.75, 12),
  (13, 'Promoção de Ano Novo', '2023-01-11', '2023-02-11', 15.50, 13),
  (14, 'Festival de Descontos', '2023-02-19', '2023-03-19', 14.00, 14),
  (15, 'Dia do Livro', '2023-03-25', '2023-04-25', 11.50, 15),
  (16, 'Promoção de Páscoa', '2023-04-30', '2023-05-30', 12.80, 16),
  (17, 'Dia da Criança', '2023-05-05', '2023-06-05', 20.00, 17),
  (18, 'Promoção de Inverno', '2023-06-10', '2023-07-10', 18.75, 18),
  (19, 'Dia das Mães', '2023-07-15', '2023-08-15', 15.25, 19),
  (20, 'Aniversário da Livraria', '2023-08-20', '2023-09-20', 22.00, 20);

# INSERINDO ENCOMENDAS

INSERT INTO ENCOMENDA (id, data_pedido, dt_prevista, status, cpf_cliente)
VALUES
  (1, '2022-01-01', '2022-01-15', 'Em Processamento', '12345678901'),
  (2, '2022-02-15', '2022-02-28', 'A Caminho', '23456789012'),
  (3, '2022-03-20', '2022-04-05', 'Entregue', '34567890123'),
  (4, '2022-04-10', '2022-04-20', 'Em Processamento', '45678901234'),
  (5, '2022-05-05', '2022-05-15', 'A Caminho', '56789012345'),
  (6, '2022-06-18', '2022-06-30', 'Em Processamento', '67890123456'),
  (7, '2022-07-25', '2022-08-10', 'Entregue', '78901234567'),
  (8, '2022-08-30', '2022-09-15', 'A Caminho', '89012345678'),
  (9, '2022-09-14', '2022-09-30', 'Em Processamento', '90123456789'),
  (10, '2022-10-22', '2022-11-05', 'Entregue', '01234567890'),
  (11, '2022-11-02', '2022-11-15', 'Em Processamento', '12345678901'),
  (12, '2022-12-08', '2022-12-20', 'A Caminho', '23456789012'),
  (13, '2023-01-11', '2023-01-25', 'Em Processamento', '34567890123'),
  (14, '2023-02-19', '2023-02-28', 'Entregue', '45678901234'),
  (15, '2023-03-25', '2023-04-10', 'A Caminho', '56789012345'),
  (16, '2023-04-30', '2023-05-15', 'Em Processamento', '67890123456'),
  (17, '2023-05-05', '2023-05-20', 'Entregue', '78901234567'),
  (18, '2023-06-10', '2023-06-25', 'A Caminho', '89012345678'),
  (19, '2023-07-15', '2023-07-30', 'Em Processamento', '90123456789'),
  (20, '2023-08-20', '2023-09-05', 'Entregue', '01234567890');

# INSERINDO PDV

INSERT INTO PDV (cod, dt_ult_manutencao, descricao)
VALUES
  (1, '2022-01-01', 'PDV-001'),
  (2, '2022-02-15', 'PDV-002'),
  (3, '2022-03-20', 'PDV-003'),
  (4, '2022-04-10', 'PDV-004'),
  (5, '2022-05-05', 'PDV-005'),
  (6, '2022-06-18', 'PDV-006'),
  (7, '2022-07-25', 'PDV-007'),
  (8, '2022-08-30', 'PDV-008'),
  (9, '2022-09-14', 'PDV-009'),
  (10, '2022-10-22', 'PDV-010'),
  (11, '2022-11-02', 'PDV-011'),
  (12, '2022-12-08', 'PDV-012'),
  (13, '2023-01-11', 'PDV-013'),
  (14, '2023-02-19', 'PDV-014'),
  (15, '2023-03-25', 'PDV-015'),
  (16, '2023-04-30', 'PDV-016'),
  (17, '2023-05-05', 'PDV-017'),
  (18, '2023-06-10', 'PDV-018'),
  (19, '2023-07-15', 'PDV-019'),
  (20, '2023-08-20', 'PDV-020');

# INSERINDO COMPRAS

INSERT INTO COMPRA (cod, vl_desconto, v_imposto, dt_compra, vl_total_bruto, vl_total_a_pagar, vl_comissao, cod_pdv, cpf_vend, cod_NF)
VALUES
  (1, 5.00, 2.00, '2022-01-01', 100.00, 97.00, 10.00, 1, '12345678901', 1),
  (2, 8.00, 3.50, '2022-02-15', 150.00, 138.50, 12.50, 2, '23456789012', 2),
  (3, 3.50, 1.75, '2022-03-20', 75.00, 73.25, 8.00, 3, '34567890123', 3),
  (4, 10.00, 4.50, '2022-04-10', 120.00, 115.50, 15.00, 4, '45678901234', 4),
  (5, 6.50, 2.75, '2022-05-05', 90.00, 86.25, 11.50, 5, '56789012345', 5),
  (6, 12.00, 5.25, '2022-06-18', 180.00, 172.75, 20.00, 6, '67890123456', 6),
  (7, 4.00, 1.50, '2022-07-25', 60.00, 58.50, 7.50, 7, '78901234567', 7),
  (8, 8.50, 3.75, '2022-08-30', 110.00, 103.25, 12.00, 8, '89012345678', 8),
  (9, 9.00, 4.00, '2022-09-14', 130.00, 121.00, 14.50, 9, '90123456789', 9),
  (10, 7.00, 3.25, '2022-10-22', 95.00, 88.25, 10.00, 10, '01234567890', 10),
  (11, 6.50, 2.75, '2022-11-02', 100.00, 94.25, 11.50, 11, '12345678901', 11),
  (12, 15.00, 6.50, '2022-12-08', 200.00, 188.50, 22.00, 12, '23456789012', 12),
  (13, 3.00, 1.25, '2023-01-11', 50.00, 48.75, 6.50, 13, '34567890123', 13),
  (14, 11.50, 5.00, '2023-02-19', 160.00, 153.50, 18.00, 14, '45678901234', 14),
  (15, 5.50, 2.25, '2023-03-25', 85.00, 82.25, 9.50, 15, '56789012345', 15),
  (16, 8.00, 3.50, '2023-04-30', 110.00, 102.50, 12.50, 16, '67890123456', 16),
  (17, 9.50, 4.25, '2023-05-05', 125.00, 115.75, 15.00, 17, '78901234567', 17),
  (18, 6.00, 2.50, '2023-06-10', 95.00, 88.50, 10.50, 18, '89012345678', 18),
  (19, 10.00, 4.25, '2023-07-15', 140.00, 130.75, 16.00, 19, '90123456789', 19),
  (20, 7.50, 3.00, '2023-08-20', 115.00, 104.50, 13.00, 20, '01234567890', 20);

# INSERINDO AUTOR_LIVRO

INSERT INTO AUTOR_LIVRO (isbn_livro, cpf_autor)
VALUES
  ('1234567890123', '12345678901'),
  ('2345678901234', '23456789012'),
  ('3456789012345', '34567890123'),
  ('4567890123456', '45678901234'),
  ('5678901234567', '56789012345'),
  ('6789012345678', '67890123456'),
  ('7890123456789', '78901234567'),
  ('8901234567890', '89012345678'),
  ('9012345678901', '90123456789'),
  ('0123456789012', '01234567890'),
  ('1234567890123', '12345678901'),
  ('2345678901234', '23456789012'),
  ('3456789012345', '34567890123'),
  ('4567890123456', '45678901234'),
  ('5678901234567', '56789012345'),
  ('6789012345678', '67890123456'),
  ('7890123456789', '78901234567'),
  ('8901234567890', '89012345678'),
  ('9012345678901', '90123456789'),
  ('0123456789012', '01234567890');

# INSERINDO GENERO_LIVRO

INSERT INTO AUTOR_LIVRO (isbn_livro, cpf_autor)
VALUES
  ('1234567890123', '12345678901'),
  ('2345678901234', '23456789012'),
  ('3456789012345', '34567890123'),
  ('4567890123456', '45678901234'),
  ('5678901234567', '56789012345'),
  ('6789012345678', '67890123456'),
  ('7890123456789', '78901234567'),
  ('8901234567890', '89012345678'),
  ('9012345678901', '90123456789'),
  ('0123456789012', '01234567890'),
  ('1234567890123', '12345678901'),
  ('2345678901234', '23456789012'),
  ('3456789012345', '34567890123'),
  ('4567890123456', '45678901234'),
  ('5678901234567', '56789012345'),
  ('6789012345678', '67890123456'),
  ('7890123456789', '78901234567'),
  ('8901234567890', '89012345678'),
  ('9012345678901', '90123456789'),
  ('0123456789012', '01234567890');

# INSERINDO COMISSAO_VENDEDOR

INSERT INTO COMISSAO_VENDEDOR (id_com, cpf_vend)
VALUES
  (1, '12345678901'),
  (2, '23456789012'),
  (3, '34567890123'),
  (4, '45678901234'),
  (5, '56789012345'),
  (6, '67890123456'),
  (7, '78901234567'),
  (8, '89012345678'),
  (9, '90123456789'),
  (10, '01234567890'),
  (11, '12345678901'),
  (12, '23456789012'),
  (13, '34567890123'),
  (14, '45678901234'),
  (15, '56789012345'),
  (16, '67890123456'),
  (17, '78901234567'),
  (18, '89012345678'),
  (19, '90123456789'),
  (20, '01234567890');
  
  # INSERINDO ITEM_ENCOMENDA

INSERT INTO ITEM_ENCOMENDA (id_encomenda, isbn_livro, qtd)
VALUES
  (1, '978-0553380958', 2),
  (1, '978-0345342966', 3),
  (1, '978-0765326355', 1),
  (2, '978-1408855652', 2),
  (2, '978-0747532699', 1),
  (2, '978-0545069670', 3),
  (3, '978-1408855652', 1),
  (3, '978-0143105428', 2),
  (3, '978-0061120084', 2),
  (4, '978-0553380958', 2),
  (4, '978-0765326355', 1),
  (4, '978-0143105428', 3),
  (5, '978-0345342966', 2),
  (5, '978-0747532699', 1),
  (5, '978-0765326355', 2),
  (6, '978-0061120084', 2),
  (6, '978-0545069670', 1),
  (6, '978-1408855652', 2),
  (7, '978-0345342966', 3),
  (7, '978-0765326355', 1);
